claim_id,support_in_degree,text
deae0416-beb3-4014-9f9b-dc28445505fd,3,"The continued reliance on fossil fuels will lead to increased healthcare costs, damage to infrastructure, and loss of productivity, ultimately contributing to a substantial economic burden on the USA by 2050."
e1ce3b23-3403-4118-92af-153243486745,2,South Korea's successful transition to renewable energy sources demonstrates that current sustainable energy technologies can effectively replace fossil fuels with the right infrastructure and investment.
a4bae4f6-996c-4cf4-a550-2f1791ca7eae,2,"The UK's investment in computing during World War II led to the development of the first practical computer, Colossus, which in turn contributed to significant advances in the field of computing, illustrating the impact of government funding on related fields."
7bf665d6-6dd4-47f8-ba56-cec03463db7c,2,"Advanced nuclear power technologies, which are being developed to be safer and more efficient, could become a primary alternative to fossil fuels, rivaling current sustainable energy technologies."
63472342-8c60-4b8d-bd0a-3471cef4668e,2,"A nationwide smart grid system allows for real-time monitoring and control of energy distribution, enabling a more reliable and efficient transition to renewable energy sources."
647b1b9f-14c9-477b-867b-ee96ac1163ee,2,"Modern cyber threats can infiltrate and disrupt critical infrastructure, bypassing traditional military defenses designed to counter physical attacks."
6f18bc14-1c9c-4fc7-9304-a2a817ed6eee,2,"A significant portion of the current allocation of funds is being wasted on bureaucratic overhead and administrative costs, rather than directly addressing pressing social and economic issues."
7db64ee6-6a09-49fc-8bdd-ec9112b0201f,2,"According to the Intergovernmental Panel on Climate Change (IPCC), the energy sector, which is dominated by fossil fuel combustion, accounts for approximately 65% of human-caused carbon dioxide emissions, making it the largest contributor to greenhouse gas emissions."
26306ec6-b557-4d00-8fda-7333a5b90ba1,2,"The impacts of climate change pose a more significant and immediate threat to national security than traditional military threats, making investment in sustainable energy a higher priority for governments."
4e1bd045-089f-4e7b-9f13-9f7970bdaf05,2,"Military spending diverts significant resources away from other crucial sectors, such as education and healthcare, which are essential for a nation's economic security and citizens' well-being, making sustainable energy investments a more impactful choice."
fdd6dbd7-d92b-46c4-9ccf-e905b4afef9b,2,"The long-term feasibility of sustainable energy sources is threatened by the continued investment in and subsidies for fossil fuel technologies, creating an economic lock-in that hinders a large-scale transition."
c180f6d7-b8a4-4aa8-99d9-6ca15b449433,2,"The government subsidies in South Korea shielded sustainable energy companies from market competition, allowing them to operate at a lower cost and thereby inflating the perceived effectiveness of their technologies, which might not be replicable in unsubsidized markets."
647825b5-03a6-460f-bff5-6cce2d281496,2,"A nation with a strong economy is more competitive on the global stage, attracting top talent, and exercising greater influence in international relations, ultimately enhancing its citizens' quality of life."
088d9dac-5531-4b5e-be0e-6758a4f0f723,2,The cost of researching and developing new sustainable energy technologies is significantly higher than the cost of maintaining existing fossil fuel-based technologies.
069e5edb-2c52-48bf-bc93-ed4412d2df8e,1,"Next-generation nuclear reactors, such as Small Modular Reactors (SMRs), are designed to be smaller, cheaper, and more efficient, making it feasible to deploy them rapidly and at scale to meet growing global energy demands."
cf8767b7-aabd-4730-ad41-90e768a51a44,1,"Nuclear energy can be scaled up to meet global energy demands, providing a viable alternative to fossil fuels."
70dbe6de-90a9-4a71-98b4-687ac673773c,1,"Allocating resources to one threat means diverting them from other areas, such as social welfare, infrastructure, or education, highlighting the inherent trade-offs and limitations of government resources."
1033655f-63fd-4d22-b45b-c5d60a5655a6,1,"Just as childhood trauma can have long-lasting effects on an individual's psychological well-being, military interventions can leave deep scars on a nation's psyche, undermining trust and stability in the affected region."
2ac9535f-ba94-45d2-a4ca-67e7678820b6,1,"In a competitive market, businesses must strive to maximize profits to stay ahead of rivals, invest in innovation, and attract top talent, ensuring their survival and success."
de594b74-34d0-406a-ac66-d32d5d955aeb,1,"The effects of droughts, deforestation, and pollution often manifest years or even decades after the initial damage has been done, illustrating the slow-burning nature of indirect threats like climate change."
5dd71b9f-129b-4e16-9ac3-02728d28b9d1,1,"Government funding and investment in sustainable energy technologies can lead to breakthroughs in related fields, such as advanced materials and energy storage, driving innovation and scientific progress."
248821bd-6775-4341-9574-782971f08e22,1,"Military actions often destabilize regions, creating power vacuums that exacerbate conflicts and undermine global stability, rather than maintaining it."
f3fd0dd9-00dc-447c-8b7e-362cdb33165f,1,"Reducing military spending to prioritize sustainable energy sources may compromise national security, as the military plays a crucial role in protecting a nation's interests and maintaining global stability."
fea3a40a-9171-4062-a087-a71497c3a568,1,"The military's ability to protect strategic trade routes, such as shipping lanes and pipelines, ensures the uninterrupted flow of vital resources, thereby safeguarding a nation's access to these resources."
86c43a9d-a5c0-4e40-a60c-d117ee1529c7,1,"A reliable and consistent energy supply is necessary to maintain grid resilience and prevent widespread power outages, which can have devastating consequences for critical infrastructure, such as hospitals and emergency services."
3262b545-7761-4076-829d-c6f1323d1291,1,"Some ecosystems, like coral reefs, have shown resilience and can recover from damage if appropriate conservation efforts are implemented."
e06f476c-968e-4f6c-844d-642c6d009f41,1,"Studies have shown that every unit of energy saved through efficiency measures can have a compounding effect, enabling further reductions in energy consumption and making it more feasible to replace fossil fuels entirely."
5d1af37c-b6b6-4c63-a9c8-d324394870ef,1,The successful application of agile methodologies and innovative technologies requires a cultural shift that many organizations and governments may be unable or unwilling to undertake.
a256a105-3313-4258-94db-c1b5c7d20c06,1,"Cuba's unique economic constraints have sparked creative, low-cost domestic innovations in renewable energy, such as the widespread adoption of DIY solar panels and biofuels."
49c63202-a06f-4761-a287-95b5ee8f6665,1,"Hospitals require a stable energy supply to power life-saving equipment, such as ventilators and dialysis machines, which are essential for patient care and survival."
1d3121b6-cb1f-4fdc-876e-ef1521d43fbb,1,"The development of the internet, GPS technology, and memory foam are all examples of technological advancements driven by military spending that have had significant spin-off benefits for the economy."
ed1db8c1-e6e7-41c3-934c-4d68e9e137bf,1,"The US military's periodic demonstrations of its capabilities, such as through NATO exercises and deployments, sent a clear signal to the Soviet Union of its readiness to respond to aggression."
1fc05ed5-6df1-4030-8e9d-0c2ff95c2adc,1,"Stricter emissions regulations and legislation have led to the development of more efficient engines and cleaner fuels, decreasing the significance of fossil fuel combustion as a source of emissions."
70cd1cd4-a640-4742-9770-8aadca5d26e8,1,"A nation's ability to participate in the global market provides it with the leverage to negotiate favorable trade agreements, which in turn attracts more foreign investors, creating a virtuous cycle that boosts its global competitiveness."
d5074f28-d2c6-402c-adb1-1d2bebb70f3c,1,"Regulatory policies can create demand for sustainable energy sources by setting renewable portfolio standards, implementing carbon pricing, and establishing green tariffs, which can drive economies of scale and reduce costs, making sustainable energy more competitive with fossil fuels."
a5e3f165-449e-426b-83ea-a48abf39f452,1,A primary source of power must provide a consistent and reliable supply of electricity to maintain grid stability and prevent widespread power outages.
b1a5ddfd-90ab-4f56-babb-19551e7af2c0,1,"The rising global cancer incidence and prevalence rates, combined with the devastating impact of cancer on individuals and families, underscore the urgent need for significant investment in cancer research and disease prevention."
ba04ac88-e1e9-4440-a943-fe3570e9d500,1,"Cuba's rapid progress in renewable energy is largely dependent on foreign investment and aid, rather than self-sustaining innovation driven by domestic investment."
5e831148-999a-4f9b-96ca-41a41e67ccdb,1,"The lack of qualified teachers and infrastructure in many developing countries, such as Mexico, limits the effectiveness of traditional education methods, highlighting the need for innovative solutions that can optimize resource utilization."
614fb23f-e187-4313-95d9-a0b7c1155cc0,1,"The vulnerability of healthcare systems to cyber attacks, as seen in the numerous data breaches and ransomware attacks on hospitals and medical facilities, highlights the risk that emerging cyber threats pose to national security, particularly in the context of protecting sensitive medical information and ensuring the continuity of healthcare services."
28940448-d8bc-4d89-b759-cb9486a1c052,1,"Allocating resources to one priority means forgoing the benefits of allocating those same resources to another priority, illustrating the inherent limitations of a nation's resources."
6050aa6b-3f4e-4ab6-81ad-2256aae376f8,1,"The loss of biodiversity and ecosystem disruption caused by climate tipping points can result in permanent damage to ecosystems, making it impossible for them to recover or regain their original functionality."
13236a64-74d0-48d3-95c5-ac4a1a9b86f6,1,"India's rapid transition to renewable energy has shown that significant economic growth and sustainable energy development can go hand-in-hand, contradicting the idea that upfront costs are a major burden."
9ba36d8f-431a-41dd-a79f-f3aa1830fa58,1,"A well-designed economic structure and institutional framework can create a fertile ground for innovation, entrepreneurship, and investment, thereby catalyzing economic growth and development in a nation."
c24a46a5-fb42-4b94-a2ab-6bc988e98984,1,"Military spending can also stimulate innovation and drive technological advancements that have spin-off benefits for the economy, making it a more effective way to bolster a nation's economic security than investing in sustainable energy sources."
7153c590-f888-4e68-a2cf-956693f93f58,1,"A nation's duty to protect its citizens and territories stems from the social contract between the government and its people, where citizens surrender some freedoms in exchange for the state's guarantee of safety and security."
545cddc4-6d94-407f-bd32-a41ed32bbbaa,1,"In order to effectively manage national security risks, governments must prioritize investments that address the most pressing threats, just as a business would prioritize mitigating its most significant operational risks to ensure long-term viability."
c56466e1-46f0-4877-b58b-1ecce6403b5c,1,"History has shown that calculated risk-taking in areas like technology, medicine, and finance has led to groundbreaking discoveries and advancements, underscoring the role of risk-taking as a catalyst for economic progress."
2a2fe507-0483-4568-9b59-4bc3a3732bfb,1,"The rapid spread of diseases across the globe, facilitated by international travel and trade, has led to an increase in pandemic-related threats, underscoring the escalating severity of non-traditional threats to national security."
d584da79-f3c6-4d25-846e-f7b03eabbd94,1,"The rise of non-traditional threats, such as cyber attacks and pandemics, has significantly reduced the relative impact of traditional military threats to national security."
a7ab760a-c233-4304-bf1f-bd64a3cd9957,1,"Reducing the risk of economic instability can allow entrepreneurs to focus on innovation rather than worrying about financial survival, leading to increased creativity and innovation."
5e6cd164-c34c-418a-bb17-af30ca5726d1,1,"Economic growth and innovation have a multiplier effect on national prosperity, leading to improved living standards, increased tax revenues, and enhanced global competitiveness."
d2f7aace-aa0d-4558-8da3-cc508f15a439,1,"Transitioning to sustainable energy sources often requires replacing existing fossil fuel-based technologies with new, more expensive alternatives, resulting in substantial upfront costs for nations seeking to make the transition."
371672c0-0729-47e6-9f1f-898b5182157a,1,"The South Korean government's incentives for renewable energy, such as tax credits and subsidies, have encouraged private companies to invest in solar energy, resulting in a notable expansion of installed capacity."
4f9e92b0-5b3e-4d6d-86d4-f8eb465841b6,1,"Economic stability can be achieved through diplomacy and strategic international partnerships, rather than relying solely on a nation's military strength."
14829798-b510-4f6b-af98-eabec46dd87d,1,"The primary goal of implementing taxes on fossil fuels is to promote the adoption of alternative energy sources, which may not necessarily address the negative externalities associated with fossil fuel consumption."
d280ab6f-60ee-4f74-a0a0-780d821d51b9,1,"The establishment of new production facilities, research institutions, and service companies can create innovation hubs that foster collaboration and knowledge-sharing among experts, leading to breakthroughs and new technologies."
6cf67f8e-a82a-481c-975b-8b292e23ffa9,1,"Hospitals can maintain backup power systems, like generators or battery banks, to ensure continuous operation during grid outages, making a reliable energy supply from the grid less critical."
456f7e83-70b5-42bf-a596-2df2426aa518,1,The complex regulatory frameworks and permitting processes in many Asian countries would significantly slow down the upgrading of existing energy grids to integrate sustainable energy sources.
9c2f34a2-d9c3-4b60-a703-523ca708bba7,1,"A strong military presence helps maintain a balance of power among nations, preventing any one country from exploiting weaker nations and thereby reducing the likelihood of aggression."
f034393d-3b25-4395-bbb8-855af1760ba4,1,"Governments and organizations often create policies and programs to incentivize cultural shifts, such as tax breaks for tech startups or funding for agricultural innovation, demonstrating a willingness to adapt."
00c73be2-874d-490e-92e0-0d73b0e04461,1,"The high upfront costs of transitioning to sustainable energy sources may outweigh the savings from cutting military spending, potentially crippling a nation's economy and hindering its ability to effectively combat climate change."
af9a12c6-0d87-46be-bfb5-fdc4709050a9,1,"The rapid decline of Arctic ice sheets and glaciers, as observed through satellite imaging and field measurements, is a clear indicator of the impact of global warming on the Earth's climate system, supporting the notion that global warming is the primary cause of the observed changes in seasonal patterns and temperature fluctuations."
c2654ed4-aacb-4404-8423-a69c91ede24e,1,"Climate change disproportionately affects low-income communities, exacerbating existing economic inequalities and making it even more crucial to address the economic burden of climate change to prevent further widening of the wealth gap."
1016af84-281e-4bda-acb9-01fd9ed74922,1,"Companies that prioritize environmental sustainability and invest in climate-friendly technologies are better equipped to manage climate-related risks and opportunities, making them a more attractive investment opportunity for socially responsible investors who prioritize long-term value creation."
328454e1-0402-490f-9585-f7c6f6b2f6e8,1,"The spread of instability from one country to another often occurs gradually, with warning signs and incremental escalations that allow neighboring countries to prepare and respond."
3cae85e7-b67b-459c-bace-32cd7cbca62d,1,"In an increasingly interconnected world, a nation's autonomy to shape its own economic future is an outdated concept, as economic decisions are often influenced by global events and require international cooperation."
6873e8a6-aff0-4df0-a1e2-c7831977d246,1,"Climate change can perpetuate and exacerbate existing caste-based inequalities, particularly in regions where certain castes are relegated to living in areas with limited access to resources, clean water, and healthcare, making them more susceptible to climate-related impacts."
9a76f36e-4508-4ec9-b20d-5a5fad5e4ae4,1,"A business's primary goal is to maximize profits, whereas a government's primary goal is to protect its citizens, making a business's approach to risk management an unsuitable analogy for national security decisions."
f4de32e6-b30f-4a4d-81dd-905891b5cc66,1,The lack of a solution to radioactive waste disposal is outweighed by the potential benefits of advanced nuclear power technologies when compared to the environmental impacts of fossil fuels.
2213afec-3f26-42e9-bb86-d1c8d0605c9d,1,"A nation's prioritization of climate change protection may come at the expense of other pressing economic and social priorities, such as poverty reduction, education, and healthcare."
90b08c13-5f88-4065-8167-39455604fbcf,1,"Multiple lines of evidence from various scientific disciplines, including atmospheric physics, oceanography, and paleoclimatology, converge on the same conclusion, reinforcing the consensus on the causes of climate change."
a2b6f50b-1dd6-4e82-9804-c0a85fc4afdb,1,"Solar and wind energy, two prominent sustainable energy sources, generate electricity without burning fossil fuels, thereby eliminating greenhouse gas emissions during operation."
dc354cbe-4884-454e-9f7f-0c010013ffa2,1,"The interconnected nature of modern societies and economies creates vulnerabilities that can be exploited by emerging threats, such as AI-powered attacks, which can have disproportionate and devastating impacts on national security."
6e49315e-deaa-429a-85ac-3626e6df76d4,1,"A nation with energy independence is less vulnerable to price fluctuations and supply disruptions, allowing it to maintain economic stability and make long-term plans."
eefd6a53-9801-45cf-944a-d1dcd7623cbf,1,"Investing in social programs can stimulate local economies, generating new revenue streams that can be allocated to other priorities, effectively increasing available resources."
0cb1b295-57cd-49b3-bf66-88a6d04f3312,1,"The benefits of reducing military spending, such as investing in education, healthcare, or sustainable infrastructure, outweigh the potential drawbacks, as these alternatives can yield more substantial long-term benefits for national security and global stability."
df77b355-b236-4506-afc8-fed73cd4c5db,1,"Without efficient energy storage solutions, renewable energy sources like solar and wind power are unable to provide a consistent and reliable supply of electricity, making it difficult to rely on them as a primary source of power."
4caa6630-d35e-435b-824c-3e24bffdd382,1,"Geopolitical implications can significantly impact businesses operating globally, making them a crucial consideration in business risk management."
ac9594d3-5f70-4f62-bc3f-34913104cc85,1,"Military spending can have a multiplier effect on the economy, generating jobs and stimulating economic growth beyond the initial investment."
74fae69f-27b2-463a-bf22-6dc55f0e0581,1,"Targeted military actions can be effective in resolving conflicts in a way that maintains stability, as seen in instances where precise airstrikes have neutralized terrorist organizations without causing widespread destabilization."
fa999a64-f4ab-451f-94f0-1965138977f1,1,Governments should prioritize investment in sustainable energy sources over military spending to effectively combat climate change.
bc1fb086-c0a0-4935-8a4a-30648891462e,1,"A nation with energy independence can make decisions without being influenced by external energy suppliers, allowing for more control over its economic destiny."
c245cee5-45ff-435a-9ca1-f83f3da9f656,1,"Manufacturers of life-saving equipment, such as ventilators and dialysis machines, specify stable energy supply requirements for safe and effective operation, highlighting the importance of reliable power for these devices."
3ec8fd65-543f-4c0e-a253-3e6d4872d33e,1,"The fall of one country's government can create a power vacuum that allows terrorist organizations to spread, posing a threat to global stability and national security."
e2caab18-c716-4506-ab69-df313dcf06c1,1,"Implementing taxes on fossil fuels can internalize the negative externalities of air pollution and public health costs, aligning the market price with the true social cost of fossil fuel consumption."
01431b2e-25c7-4514-951f-588d82f632c2,1,"The possession of nuclear capabilities by certain nations, such as the United States, has historically deterred aggressive actions from other nations, illustrating the effectiveness of demonstrating military capability as a means of deterrence."
b43f899d-846a-4d7b-bec7-48f4a3b1a4bb,1,An entrepreneur's willingness to take risks and invest in new ideas is more dependent on their individual risk-tolerant mindset and personality traits than on their financial stability.
174ffeee-c4da-40bf-98f9-45fac4cfd34b,1,Implementing taxes on fossil fuels to account for the associated air pollution and public health costs would be a more effective and efficient solution than transitioning to sustainable energy sources.
bb006956-955d-46de-8819-444ed12b4080,1,"Solar and wind energy sources require materials and manufacturing processes that involve burning fossil fuels, indirectly contributing to greenhouse gas emissions."
7af8c83f-20bd-42fc-909d-eaf24d042743,1,"Climate-related disasters disrupt global supply chains, impact trade, and cause losses in productivity, creating a ripple effect that amplifies their economic costs far beyond the initial disaster zone."
34f2b370-3a1c-407a-b1dc-cd3ecc769fcf,1,"Governments derive their authority from the consent of the governed, and in exchange for this consent, they have a duty to protect citizens from harm and ensure their safety and security, as this is a fundamental expectation of the social contract."
12301baf-e114-4745-b3ec-daed69f11343,1,"A nation's economic growth and prosperity should not be prioritized over environmental and social well-being, as climate change and inequality can have devastating consequences."
10259f72-92b0-4aac-b1de-982ddcb3101a,1,"Governments have a fiduciary duty to allocate resources in a way that maximizes the safety and well-being of their citizens, which requires prioritizing investments that address the most significant and immediate threats."
db992d8a-f3bb-4809-af47-84b33645d87f,1,"A diverse mix of local, renewable energy sources can provide energy security without relying on a single primary source of power."
13969f02-5099-4395-bd04-a9819c257296,1,"South Korea's investment in solar energy has led to a significant increase in installed capacity, driving growth in the renewable energy sector and contributing to the country's successful transition to sustainable energy sources."
32539ab5-509d-4266-ab07-8c460f070f9c,1,The European Union's successful transition to renewable energy sources demonstrates that existing sustainable energy technologies can be scaled up and implemented without requiring significant new research and development.
0ad558a8-5859-431f-9aa6-3c5aa9816630,1,A country's growth in the renewable energy sector does not necessarily lead to a successful transition to sustainable energy sources if it is still heavily reliant on fossil fuels.
cf5bc976-d9ac-450c-b3b3-5ab103dc4e48,1,"A favorable business environment can also attract illicit investments from the DarkWeb, which can harm the economy and undermine trust in institutions."
4e722983-9e96-4c68-8817-cb1f6458b3d9,1,"A stable economy fosters a favorable business environment, encouraging foreign investment and promoting job creation, which in turn stimulates economic growth."
a653e0f9-dd1d-4c9f-a120-6685aa92d4eb,1,"Some nations, such as Australia, have experienced sustained economic growth despite being heavily exposed to global market volatility, suggesting that economic instability is not always a hindrance to growth."
e3433149-a3cf-46a0-9263-83fa785c2fab,1,"The transition to sustainable energy sources may involve unforeseen costs, such as infrastructure upgrade expenses, decommissioning costs of old infrastructure, and potential losses in traditional industries, which could outweigh the economic benefits."
200268d0-7092-4bc4-84ef-cdc1139bb1d0,1,"Implementing climate change mitigation and adaptation measures requires significant investment in infrastructure, technology, and research, which can only be achieved with substantial financial resources."
c2b6c147-32d7-4cc3-9c0f-706fb8ec74da,1,"Substantial financial resources can be mobilized through international cooperation, public-private partnerships, and innovative financing mechanisms, even for nations with weaker economies."
497beb9b-3add-45ae-871a-0a445edea87f,1,"Some military spending can be effective in addressing the root causes of climate-related instability, such as investing in renewable energy sources for military bases."
ef0237bc-65d3-4933-bf81-b82bbacb6cce,1,"The unsustainable energy consumption patterns contribute to environmental degradation, which in turn leads to adverse social and economic impacts, such as health problems and loss of livelihoods."
5caad58e-08a1-4a8a-b7d8-9ef368120a5f,1,"The presence of nuclear weapons on both sides allowed for a degree of crisis de-escalation, as both nations understood that direct military conflict would lead to catastrophic consequences, thus encouraging diplomatic resolutions."
d40fd966-b3c2-4cdd-8925-475357fd86aa,1,"Focusing on the most pressing national security threats through military spending allows for a proactive and adaptive defense strategy, rather than a reactive and outdated one."
b88472ed-a69b-449a-89da-baf8f0cf280f,1,"The risk management strategies employed by governments and businesses may converge when dealing with financial risks, such as managing currency fluctuations or mitigating the economic impacts of a global pandemic."
184c69d5-d30e-426f-8fc3-1b387d3e12c2,1,"A nation's military strength can protect its economic interests and maintain global stability, making military spending a more effective means of ensuring economic security than investing in sustainable energy sources."
d1b6f1fb-934c-46e0-aa2a-c90830c4e32d,1,"Without a strong military presence, power vacuums can emerge, allowing extremist groups to take control and undermine the success of interventions."
bddd5042-d62f-40ce-8d6d-1b01e6705769,1,"The existence of darknet markets and cyber warfare tactics has rendered traditional military strength less effective in maintaining global stability, as modern threats often bypass conventional military capabilities."
7284232d-afed-481e-b02f-86d18baac820,1,"Prioritizing investment in sustainable energy sources, despite their current limitations, would mean forgoing other energy sources that could provide more immediate and reliable energy solutions, such as nuclear power, which could lead to a missed opportunity to reduce greenhouse gas emissions in the short term."
fe977411-1ca3-452c-87e4-2a2452abb97c,1,"Economic growth in the presence of global market volatility is only achievable for nations with diversified economies and strong institutional frameworks, which not all nations possess."
37027c0e-e29a-4fac-b2cf-80f9053db817,1,"The goals and values of national security, including human life and sovereignty, cannot be reduced to a cost-benefit analysis, making a business-like approach to risk management inapplicable."
b603175e-8e08-412e-b6fd-2c122367fbbd,1,"In the aftermath of natural disasters, vulnerable populations such as the elderly and young children are more likely to be displaced, injured, or killed due to their limited physical and economic resources."
284b3490-d93c-40de-b9dd-126e404c6be5,1,"The moral obligation to safeguard the well-being of vulnerable populations is not absolute, but rather context-dependent and subject to varying cultural, economic, and environmental factors that can justify alternative government priorities."
5ff74c79-abaf-4c1e-a317-3d09f3f67560,1,"Current sustainable energy technologies may not be advanced enough to effectively replace fossil fuels, making a drastic shift in investment priorities premature and potentially ineffective in combating climate change."
80c2455e-dee0-4263-b271-dc97d80de5f2,1,"Advanced cyber warfare capabilities can rapidly spread and intensify conflicts, making it increasingly difficult for national security systems to respond effectively."
fc9c59db-f565-4b8a-94c7-854e742bc39c,1,"The economic burden of climate change in the USA is projected to reach trillions of dollars by 2050, eclipsing the economic costs of the 2008 financial crisis, and necessitating immediate attention and action to prevent catastrophic economic consequences."
d5e35f3e-127f-40de-b174-6d2434cbf63a,1,"The threat to national security is not from ineffective response efforts, but from a lack of investment in innovative technologies and strategies that can help countries adapt to climate change."
cc85e5f5-c51f-46ca-a734-4831feb76db4,1,"International diplomacy, economic cooperation, and collective security arrangements can be more effective means of maintaining global stability than a nation's military strength."
42433dd4-492a-4441-91ba-456ec7859620,1,"Inefficient energy storage solutions can be effectively managed and compensated for through smart grid management systems and demand response strategies, minimizing their impact on sustainable energy adoption."
e26b922f-a1ad-48c2-a7a2-810792316f06,1,"Governments have a moral obligation to safeguard the well-being of vulnerable populations, such as the elderly and young children, who are disproportionately affected by harm and require special protection."
83132a97-cfd6-4ee7-adbf-4e9ddf2f63ba,1,"Investing in sustainable energy sources creates jobs, stimulates local economies, and increases energy independence, ultimately bolstering a nation's economic security more effectively than military spending."
df4f1c63-ee9d-48ae-b1b2-95ba8930e43c,1,"Improvements in engine technology, such as the introduction of jet engines, significantly increased aircraft speed and range, making air travel a more viable option for the masses."
99d74f03-f840-48d2-b98c-7ba7cb807436,0,"Public-private partnerships can create a synergy effect by combining the resources and expertise of both sectors, resulting in a greater financial impact than either sector could achieve alone."
4432403f-3298-4cb5-9311-52b64868eb0a,0,"The development of fossil fuel technologies requires significant investment in infrastructure, such as pipelines, refineries, and transportation systems, which becomes a sunk cost that makes it economically unviable to abandon or repurpose for sustainable energy sources, thereby locking in fossil fuel dependence."
35505fd4-e1ed-48f6-80a5-1662d4c2202a,0,"The rapid evolution of cyber threats, fueled by advancements in artificial intelligence and machine learning, has enabled attackers to develop sophisticated methods to bypass traditional security measures and compromise critical infrastructure."
7d8626a1-0eb2-4111-b46a-dbf473fac684,0,The constant entry of new firms and products in a competitive market forces existing businesses to stay ahead of rivals to maintain market share.
e8cb7999-0f48-49ef-ae9d-25500ac4ecf4,0,"The loss of permafrost habitats and ecosystems can lead to a cascade of extinctions and disruptions, ultimately resulting in severe and far-reaching consequences for the environment and human societies."
0329edcb-942d-43d0-95a4-bac54ea369f7,0,"The high costs of cancer treatment, medication, and care can lead to financial ruin, causing significant stress and hardship for individuals and families affected by cancer."
0b31b739-d74a-48ea-880c-64447377173f,0,"A nation's economic security is heavily reliant on its ability to protect its trade routes and interests from external threats, making military strength a crucial component of economic stability."
13a3462d-c152-403c-bdb6-b34d9e41d679,0,Collaboration with private sector companies can bring in cutting-edge technology and innovative solutions that the government may not have the resources or expertise to develop on its own.
24ac0f87-2808-4cd9-a3d7-0df620164ec8,0,"The global economy is increasingly interconnected, making financial risks such as currency fluctuations or pandemic impacts a shared concern for both governments and businesses, requiring collaborative risk management approaches."
70e07398-8f70-41f1-9cf4-312e075a52ce,0,"The discovery of life-saving treatments and vaccines in medicine, such as those for diseases like Europa's prevalent tick-borne encephalitis, often result from calculated risk-taking in medical research and experimentation."
5b3a916f-d974-482d-a2d0-19bc2918bb01,0,"Energy independence allows a nation to manage its own energy infrastructure, reducing reliance on international supply chains that can be vulnerable to disruptions from conflicts, natural disasters, or terrorism."
f6f72dbc-6fd5-43d9-8c0a-9ec3496af728,0,"Job creation is a key factor in reducing poverty rates, as employed individuals are more likely to have a stable income, access to healthcare, and improved living standards."
853709a3-4547-48ff-a48c-f5a57d316c44,0,"A nation's ability to afford the cost of transitioning to sustainable energy sources directly impacts its global competitiveness, influencing its attractiveness to foreign investors and its ability to participate in the global market."
9c2dfb39-057b-4a31-8f50-8ae7c1cf1b0e,0,"The combustion of fossil fuels in vehicles releases pollutants like particulate matter, nitrogen oxides, and volatile organic compounds, which contribute to poor air quality and negative health effects."
e1db7cba-a345-409c-b0a9-2abcf98ecaaa,0,"As members of a society, we have a moral obligation to protect human life and well-being, as this is a fundamental aspect of the social contract that underlies our collective coexistence."
6cec2539-70c8-4ec8-a251-d7b738db3eb6,0,"Governments and companies are already quantifying financial costs of fossil fuels through carbon pricing mechanisms and emission fees, indicating that financial costs are indeed being calculated."
5fdb2146-e069-499d-9b9c-6195af867322,0,"By minimizing reliance on vital resources, a nation can enhance its economic resilience and adaptability, making it more competitive in the global market and better equipped to respond to changing economic conditions."
87c9b257-cfc4-4c32-8afe-2b8e05ae7016,0,"The interruption of vital resource flows can trigger a ripple effect, impacting various industries and sectors, and ultimately threatening a nation's economic stability and growth."
e47d91d5-f0d6-4d9b-acd8-37396c6c9b2f,0,"Nations can still participate and thrive in the global market without reducing transition costs to sustainable energy sources if they have a competitive advantage in other areas, such as innovation, technology, or skilled workforce."
4b9c2910-0e08-4f7b-9a64-be358d341ff5,0,"The varied responses of different ecosystems to climate change, such as the boreal forest's vulnerability to wildfires and the Arctic tundra's susceptibility to thawing permafrost, undermine the representativeness of coral reefs and similar ecosystems."
dfe243f4-5471-49c8-bc3e-568f7dde78ba,0,"The Taiwanese government's struggles to allocate its limited budget to fund various sectors, such as education, healthcare, and defense, demonstrate the finite nature of a nation's resources."
6eabb91f-d930-4116-a8ad-e1713050cdd4,0,"Unlike direct investments in healthcare, education, or infrastructure, bureaucratic overhead and administrative costs rarely produce tangible, measurable outcomes that positively impact the lives of citizens, rendering them ineffective in addressing pressing social and economic issues."
ec4ec7c9-282b-4394-8bba-393a9d4d5d2b,0,"Accounting for too many contextual differences can lead to overfitting, making the example less applicable in general."
4d0b32b0-09c8-4d7a-a1b3-1fd5df4dec32,0,"Just as advancements in aircraft design enabled mass air travel, scaling up energy production through nuclear power can similarly revolutionize global energy distribution, making it more accessible and reliable, much like the impact of improved air transportation on global connectivity."
825a44ea-406e-4da4-b40e-0e374c483b33,0,"National sovereignty is not an absolute concept, but rather it is subject to international laws, treaties, and agreements that can limit a nation's autonomy in favor of global cooperation and security."
c5dc55a8-31cf-4ba1-ab7e-3b23e9189846,0,"In regions plagued by conflict, maintaining stability is crucial to preventing humanitarian crises, protecting civilians, and ensuring access to essential services like healthcare and food."
fa092940-9d1e-4107-a6cd-7ee02a9a857a,0,"Fossil fuel consumption is a significant driver of greenhouse gas emissions, which accelerate climate change and lead to devastating natural disasters, heatwaves, and droughts that harm human health and the environment."
90419826-ad44-4c27-bce0-5fe45fed0aed,0,"The combination of US military presence in Europe and nuclear deterrence worked together to deter Soviet aggression, making it impossible to isolate the primary factor as solely nuclear deterrence."
43f69812-a64b-4652-8233-0941f6687ee2,0,"International diplomacy can prevent conflicts by providing a platform for nations to negotiate and resolve disputes peacefully, as seen in the Camp David Accords between Israel and Egypt."
25929225-f8b3-47b1-bf38-4bf0bdf450ce,0,"A decentralized energy grid with a diverse mix of power sources can better withstand and recover from disruptions, such as natural disasters or cyber attacks, reducing the risk of widespread energy insecurity."
c9d87442-3070-462d-a9cc-5cb65f3a0cd9,0,"A stable financial environment allows entrepreneurs to focus on high-level creative thinking, rather than being bogged down by stress and anxiety related to financial instability."
764e85f6-1692-4d99-941a-50f48d57c2ce,0,"Increased healthcare costs, damage to infrastructure, and loss of productivity can create a ripple effect, leading to decreased economic investment, reduced consumer spending, and lower tax revenues, ultimately contributing to a substantial economic burden."
3a4f6c2f-c3b5-43ac-9765-e6af747ff165,0,"A nation's economic growth can be sustained through diversified industries and trade partnerships, reducing its vulnerability to global market volatility."
b669d5c7-4149-4d5b-91a4-7312e977c07c,0,"The widespread adoption of solar energy in Germany, with over 1.5 million solar installations, demonstrates that existing sustainable energy technologies can be scaled up and implemented effectively in a large and industrialized economy."
504efcd4-6470-48a0-9be3-187b83b00bb1,0,"The increasing interconnectedness of global economies limits a nation's ability to make independent economic decisions, as changes in one economy can have ripple effects on others, constraining national autonomy."
13574735-98c3-404a-8126-844b6abf30fb,0,"Transitioning to sustainable energy sources can be cost-effective in the long run, with some renewable energy sources like solar and wind power becoming increasingly competitive with fossil fuels in terms of cost."
faba2157-fd40-4695-972a-feb3ea9733b1,0,The ability of coral reefs to form symbiotic relationships with new species of algae after coral bleaching events suggests their capacity for resilience and adaptability.
18ac080e-3812-40aa-a438-9441515cfbe2,0,"Advances in technology and energy efficiency measures can mitigate the potential for increased consumption in other areas, ensuring that reduced energy costs through sustainable sources lead to net savings."
07457453-0f12-4569-b47a-394ae690cb51,0,"Researching and developing new sustainable energy technologies requires significant investment in infrastructure, equipment, and human resources, resulting in high upfront costs that exceed those of maintaining existing fossil fuel-based technologies."
25c9fba8-655c-4fa6-be75-bebef03fba9b,0,"The extraction and processing of rare earth minerals, such as neodymium and dysprosium, which are essential components of wind turbines and solar panels, result in significant greenhouse gas emissions due to the energy-intensive nature of these processes."
d1af35a8-fd15-4ab8-aae6-b7f0c30dd321,0,"Smart grid management systems can shift non-essential loads to off-peak hours, reducing strain on inefficient energy storage solutions during periods of high demand."
7c2e8b17-f401-4230-9dd0-018901315943,0,"The dominance of a strong military presence can undermine local institutions and leaders, eroding their legitimacy and authority, and creating an environment conducive to power vacuums."
d65c6231-9618-4654-a5df-ddb209b67b2a,0,The rapidly evolving nature of cybersecurity threats and terrorist tactics necessitates a proactive and adaptive defense strategy that prioritizes these pressing security concerns.
326ab2f2-e100-43d5-82e5-881b1bc3a097,0,"Donations from philanthropists like Bill Gates and Elon Musk have driven significant technological advancements, showing that private funding can be substantial enough to support the development of new technologies."
bf80064c-a1fd-477e-8cf0-51d9bd609517,0,"The success of India's renewable energy transition can be attributed to factors like government incentives and investment in clean technologies, which can be adapted and implemented by other countries to achieve similar results."
1815733d-95b4-4041-95e3-2308b3cb85b0,0,"In situations where resources are scarce, governments must make difficult decisions that balance competing moral obligations, such as prioritizing healthcare over education or environmental protection, illustrating that moral obligations can be subject to varying economic and environmental factors."
5cf00df3-4c7d-4ed5-85d6-8c2ec7e8cabb,0,The high upfront costs of developing and implementing sustainable energy sources would mean forgoing investments in other energy sources that could provide more immediate returns on investment and stimulate economic growth.
8e368314-0496-4d0d-a324-4e12cdbee331,0,"The large-scale mobilization of troops and equipment required for NATO exercises and deployments served as a visible demonstration of the US military's logistical capabilities, underscoring its ability to rapidly respond to potential aggression."
270d61f9-b7f3-4197-919d-f960665111fb,0,Businesses operating globally can quickly adapt to changing geopolitical conditions by leveraging market intelligence and dynamic risk management strategies.
fefdb1fc-12f3-4444-a1e4-e4eb511f0db2,0,"Innovation enables nations to adapt quickly to changing global market conditions, stay ahead of the competition, and capitalize on emerging opportunities, thereby enhancing their global competitiveness."
90a739a5-0e91-4401-97a1-60bc04d48f24,0,"Nuclear power plants pose significant risks and uncertainties, including nuclear accidents and radioactive waste disposal, which can outweigh their potential benefits as a reliable energy solution."
8945b6e0-1151-4e4e-b7a2-dab09ab0fe5c,0,"Once an ecosystem's tipping point is exceeded, the resulting cascade of changes can be irreversible due to the complex interdependencies within the ecosystem, making recovery unlikely."
16dc273c-adb3-432d-8f76-c97e9eed673f,0,"South Korea's mountainous terrain allowed for the widespread adoption of pumped hydro storage, a crucial component in stabilizing the country's renewable energy grid."
19ccd388-9478-43cf-86f6-ab8e4b2907ae,0,"The reliability of an example can be increased through thoughtful adaptation and consideration of contextual differences, rather than relying solely on similarity."
c979245e-4e72-414c-b227-c5f65438b559,0,"The demand for sustainable energy technologies, such as solar panels and electric vehicles, is directly tied to the purchasing power of consumers, who drive market growth through their spending decisions."
4b446ae0-5d4c-496f-80c8-a4cead476722,0,"Prioritizing competitiveness in the global economy can lead to neglect of other essential aspects of a nation's well-being, such as the health and existence of its citizens, which can ultimately undermine the nation's overall quality of life."
ba05b616-e3dc-4b4e-acf3-f33be43d3023,0,"Reducing energy consumption in one sector can have a ripple effect, influencing behaviors and technologies in other sectors, leading to further energy savings and compounding the initial effect."
de038372-762d-4a3b-b2c5-1813c224737d,0,"Citizens' trust and faith in institutions, such as the willingness to pay taxes and obey laws, demonstrates an implicit understanding of a social contract, where individuals surrender some freedoms in exchange for protection and services provided by the government."
e5f65f4b-6c00-4ee1-b2c3-d1011de236a0,0,"Every dollar allocated to military spending means one less dollar available for education and healthcare, highlighting the significant trade-offs made when prioritizing military expenditures."
03f21fdb-5af2-43ff-ae2b-aac43a7721d5,0,"Government incentives, such as tax credits and subsidies, reduce the financial risk associated with investing in renewable energy, making it more attractive to private companies and increasing the likelihood of investment."
af3b6d45-16d7-4b7b-8763-61958dde851e,0,"An unstable economic environment can result in the misallocation of resources, as local businesses and governments may make suboptimal decisions due to uncertain market conditions, thereby hindering local economic growth."
5edb86a4-048a-4958-9de9-9ed9376fbe0f,0,"Targeting terrorist organizations with airstrikes can create a 'honeycomb effect', where the removal of key leaders or strongholds leads to fragmentation and the emergence of new, potentially more radical groups."
699b74ee-7814-49cd-8911-f4a54b45bbb0,0,"If citizens are expected to fulfill their obligations to the state, such as paying taxes and obeying laws, then governments have a reciprocal obligation to fulfill their own obligations, including protecting citizens from harm and ensuring their safety and security."
91c858fa-9b62-4be0-8647-1db7017c1312,0,"The prolonged use of fossil fuels sustains high greenhouse gas emission levels, creating a momentum that hinders efforts to reduce emissions and transition to cleaner energy sources."
b204d657-2268-471b-a764-fa3995fdb943,0,Organizations and governments often have entrenched bureaucratic systems that resist changes to established processes and power structures.
1412cb04-2aab-40e2-a6ac-9a1ccf643ba9,0,"In certain contexts, such as national defense or scientific research, the primary purpose of fund allocation may be to advance strategic interests or knowledge, rather than addressing immediate social and economic issues."
be155a40-ef72-4c8b-8de1-37d72b49d411,0,"Government subsidies in South Korea created an artificial advantage for sustainable energy companies, allowing them to undercut competitors and skew market perceptions of their effectiveness."
aa852c83-b7ea-4a76-8485-791e0db1e3a0,0,"Mitigating climate change impacts may require significant economic sacrifices, potentially weakening a nation's economy and, in turn, its national security."
c921d273-65b7-4bc9-a200-6c48b39c6e4c,0,"The urgency and high stakes of military needs justify significant investment in research and development, enabling the creation of new technologies that might not have been feasible or financially viable through private funding alone."
26a8ebff-61c5-4c4a-a8d2-c8e9144bfc49,0,"Transitioning to sustainable energy sources can help mitigate climate change, which is a major driver of refugee crises worldwide, by reducing greenhouse gas emissions and promoting energy security, ultimately protecting vulnerable populations and ecosystems."
b5bed01e-16b3-48bd-badc-9d5b4eeadcbb,0,"A nation's economic strength translates into diplomatic leverage, enabling it to negotiate favorable trade agreements, secure strategic partnerships, and shape global policy agendas."
6d9197db-8ae4-4c0e-806a-274e35e6919f,0,"Illicit investments from the Dark Web often involve unregulated capital flows, which can distort economic data, misallocate resources, and create an uneven playing field that disadvantages legitimate businesses and hinders economic growth."
1734af1a-9632-468e-b0f6-e6db66a2ae73,0,"The FBI's financial reports are not transparent about the specific allocation of funds within poverty and inequality initiatives, making it difficult to assess the effectiveness and adequacy of the funding."
156ebad2-4d9e-41ca-b767-4ee1c5ffa1d0,0,"When key suppliers or logistics hubs are affected by productivity losses, entire supply chains can be disrupted, triggering a chain reaction of economic losses that amplify the initial impact."
b8242b20-9ec8-4efd-911e-b37009d52a42,0,"Many technological innovations resulting from military spending, such as advancements in materials science and robotics, have dual-use applications that can be leveraged by civilian industries, driving economic growth and job creation."
49500857-bbc6-434e-87e3-4791aebcdbb6,0,"Poverty reduction initiatives can stimulate local economies by empowering low-income individuals to participate in the workforce, increasing consumer spending, and reducing reliance on social services."
6f99ad5a-2f18-4896-ba52-7e0a0cc450a9,0,"Non-state actors and rogue nations can wield significant cyber threat capabilities, bypassing traditional military strength and rendering conventional military capabilities ineffective."
9dacf2f8-6f35-4772-8a0b-d981c2dcbe5e,0,The current energy distribution system can be upgraded and retrofitted with smart technologies to make it reliable and efficient enough to support a transition to renewable energy sources.
660be3ae-a894-4282-9f2f-e4a727917de3,0,"Cutting-edge sustainable energy technologies can be developed and implemented in a cost-effective manner, leveraging open-source designs, local materials, and community engagement to minimize resource requirements."
5e23b6db-e71c-4c2c-9cae-8af03dc5cd22,0,"Private tech companies and government agencies, such as the Department of Homeland Security, can provide alternative funding and initiatives for the development of cutting-edge cybersecurity technologies."
b9f39443-414f-4ec5-8063-f809cea4ee0a,0,"The increasing reliance on online platforms and digital systems in modern societies and economies creates a ripple effect, where a single vulnerability can be exploited to compromise entire networks and systems."
50c0c9a7-9f7f-4746-af98-1a554e3563ab,0,"By transitioning military bases to renewable energy sources, governments can reduce their dependence on vulnerable supply chains and enhance energy security, ultimately strengthening their ability to address climate-related instability."
b31e6e15-e51b-444e-85dd-a211b2f9caac,0,"Climate change impacts agricultural productivity and food security, which can lead to increased food prices and scarcity, disproportionately affecting low-income households who spend a larger portion of their income on food."
879f5734-dcbb-46d7-8f0f-9a4fe9b13ee8,0,"The widespread use of non-renewable energy sources, such as coal and oil, accelerates climate change through greenhouse gas emissions, leading to devastating environmental consequences."
b602ad47-7361-46fc-8fa6-6b289f0080e9,0,"The diverse needs and interests of various stakeholders, including citizens, organizations, and institutions, inevitably lead to conflicting demands on government resources, making simultaneous allocation impossible."
a3f9be77-9afa-4e99-8399-52448c294406,0,"Many workers in displaced industries lack the specialized training and expertise required for sustainable energy sector jobs, making skill transfer or adaptation unlikely."
f4f5b5c0-216f-446f-a2a3-589a5b279440,0,"The increased costs associated with transitioning to sustainable energy sources, such as investing in renewable infrastructure and decommissioning old infrastructure, may lead to inflationary pressures that erode the purchasing power of consumers, thereby offsetting some of the economic benefits of the transition."
6cc2f0c9-9638-4020-8b73-c51e25a1bc2e,0,"Just as a country's parliament is the backbone of its legislative system, a primary source of power is the backbone of a reliable energy supply, and must therefore provide a consistent and reliable supply of electricity to support the entire grid."
ed6d9956-b08a-4051-95e2-bf6c94684d7c,0,"A nation's participation in the global market gives it access to a larger consumer base, allowing it to negotiate favorable trade agreements by leveraging its market size and influence."
212408b7-542a-4d43-9f5f-dd996d9f123e,0,"The UK's Government Code and Cypher School (GC&CS) at Bletchley Park, which received significant government funding, played a crucial role in cracking the German Enigma code, showcasing the potential for government investment to drive innovation in critical areas."
64692186-a73f-4cde-a11c-f05f37ffb0a1,0,"South Korea's implementation of a nationwide smart grid system has enabled efficient distribution and management of renewable energy sources, facilitating a successful transition."
1ead69dd-31c8-4d72-b451-cb2f10732335,0,"The IPCC's reports undergo a rigorous review process involving thousands of experts from over 130 countries, ensuring that its information on climate change is thoroughly vetted and reliable."
a0de31da-5b9d-4e49-a4af-a6140e71f351,0,"Childhood trauma can alter the development of brain regions responsible for emotional regulation, leading to increased vulnerability to mental health disorders later in life."
8c464a8a-1e06-4ce3-9d53-7474efd18839,0,"Solely focusing on maximizing profits overlooks other crucial factors for business survival and success, such as adaptability, customer satisfaction, and environmental sustainability."
5c1a96f6-c64c-43cf-b20f-981dbec8d79d,0,"The interconnectedness of modern critical infrastructure, such as electric grids, creates a ripple effect that can be triggered by advanced cyber warfare capabilities, highlighting their potential to be leveraged by adversaries to disrupt entire systems."
700458f6-a561-4553-a822-19452001dbbb,0,"The lack of investment in innovative technologies and strategies hinders the development of climate-resilient infrastructure, leaving countries more susceptible to climate-related disasters."
a62f846c-958f-44f4-93f4-8c87df407dd4,0,"A reliable and consistent primary source of power is essential for energy security, as it directly impacts the well-being and economic development of communities and nations."
9330766e-5261-47c6-8e42-b0b4bfe33b13,0,"A balance of power among nations serves as a deterrent against exploitation by stronger nations, as it increases the potential costs and risks of aggressive actions, thereby protecting weaker nations from coercion and manipulation."
07b90633-781e-4db0-9579-283dffa985b0,0,"The implementation of localized mitigation strategies often requires significant upfront investments in infrastructure and training, which can be prohibitively expensive for low-income communities."
28e4301d-cea5-4b52-bd3b-91d17522d28a,0,"Integrating sustainable energy sources into existing energy grids requires costly upgrades to ensure compatibility, reliability, and efficiency, adding to the upfront expenses of transitioning to sustainable energy."
